Plugin ID,CVE,Risk,Host,Protocol,Port,Name,Synopsis,Description,Solution,Risk Factor,Plugin Publication Date,Plugin Modification Date,Metasploit,Core Impact,CANVAS
"10028","","None","10.0.2.6","udp","53","DNS Server BIND version Directive Remote Version Detection","It is possible to obtain the version number of the remote DNS server.","The remote host is running BIND or another DNS server that reports its
version number when it receives a special request for the text
'version.bind' in the domain 'chaos'. 

This version is not necessarily accurate and could even be forged, as
some DNS servers send the information based on a configuration file.","It is possible to hide the version number of BIND by using the
'version' directive in the 'options' section in named.conf.","None","1999/10/12","2020/09/22","","",""
"10092","","None","10.0.2.6","tcp","21","FTP Server Detection","An FTP server is listening on a remote port.","It is possible to obtain the banner of the remote FTP server by
connecting to a remote port.","n/a","None","1999/10/12","2019/11/22","","",""
"10092","","None","10.0.2.6","tcp","2121","FTP Server Detection","An FTP server is listening on a remote port.","It is possible to obtain the banner of the remote FTP server by
connecting to a remote port.","n/a","None","1999/10/12","2019/11/22","","",""
"10107","","None","10.0.2.6","tcp","80","HTTP Server Type and Version","A web server is running on the remote host.","This plugin attempts to determine the type and the version of the
  remote web server.","n/a","None","2000/01/04","2020/10/30","","",""
"10107","","None","10.0.2.6","tcp","8180","HTTP Server Type and Version","A web server is running on the remote host.","This plugin attempts to determine the type and the version of the
  remote web server.","n/a","None","2000/01/04","2020/10/30","","",""
"10114","CVE-1999-0524","None","10.0.2.6","icmp","0","ICMP Timestamp Request Remote Date Disclosure","It is possible to determine the exact time set on the remote host.","The remote host answers to an ICMP timestamp request.  This allows an
attacker to know the date that is set on the targeted machine, which
may assist an unauthenticated, remote attacker in defeating time-based
authentication protocols.

Timestamps returned from machines running Windows Vista / 7 / 2008 /
2008 R2 are deliberately incorrect, but usually within 1000 seconds of
the actual system time.","Filter out the ICMP timestamp requests (13), and the outgoing ICMP
timestamp replies (14).","None","1999/08/01","2019/10/04","","",""
"10150","","None","10.0.2.6","udp","137","Windows NetBIOS / SMB Remote Host Information Disclosure","It was possible to obtain the network name of the remote host.","The remote host is listening on UDP port 137 or TCP port 445, and
replies to NetBIOS nbtscan or SMB requests.

Note that this plugin gathers information to be used in other plugins,
but does not itself generate a report.","n/a","None","1999/10/12","2021/02/10","","",""
"10203","CVE-1999-0618","Critical","10.0.2.6","tcp","512","rexecd Service Detection","The rexecd service is running on the remote host.","The rexecd service is running on the remote host. This service is
design to allow users of a network to execute commands remotely.
However, rexecd does not provide any good means of authentication, so
it may be abused by an attacker to scan a third-party host.","Comment out the 'exec' line in /etc/inetd.conf and restart the inetd
process.","Critical","1999/08/31","2018/08/13","","",""
"10205","CVE-1999-0651","High","10.0.2.6","tcp","513","rlogin Service Detection","The rlogin service is running on the remote host.","The rlogin service is running on the remote host. This service is
vulnerable since data is passed between the rlogin client and server
in cleartext. A man-in-the-middle attacker can exploit this to sniff
logins and passwords. Also, it may allow poorly authenticated logins
without passwords. If the host is vulnerable to TCP sequence number
guessing (from any network) or IP spoofing (including ARP hijacking on
a local network) then it may be possible to bypass authentication.
Finally, rlogin is an easy way to turn file-write access into full
logins through the .rhosts or rhosts.equiv files.","Comment out the 'login' line in /etc/inetd.conf and restart the inetd
process. Alternatively, disable this service and use SSH instead.","High","1999/08/30","2022/04/11","true","",""
"10223","CVE-1999-0632","None","10.0.2.6","udp","111","RPC portmapper Service Detection","An ONC RPC portmapper is running on the remote host.","The RPC portmapper is running on this port.

The portmapper allows someone to get the port number of each RPC
service running on the remote host by sending either multiple lookup
requests or a DUMP request.","n/a","None","1999/08/19","2019/10/04","","",""
"10245","CVE-1999-0651","High","10.0.2.6","tcp","514","rsh Service Detection","The rsh service is running on the remote host.","The rsh service is running on the remote host. This service is
vulnerable since data is passed between the rsh client and server
in cleartext. A man-in-the-middle attacker can exploit this to sniff
logins and passwords. Also, it may allow poorly authenticated logins
without passwords. If the host is vulnerable to TCP sequence number
guessing (from any network) or IP spoofing (including ARP hijacking on
a local network) then it may be possible to bypass authentication.
Finally, rsh is an easy way to turn file-write access into full
logins through the .rhosts or rhosts.equiv files.","Comment out the 'rsh' line in /etc/inetd.conf and restart the inetd
process. Alternatively, disable this service and use SSH instead.","High","1999/08/22","2022/04/11","true","",""
"10263","","None","10.0.2.6","tcp","25","SMTP Server Detection","An SMTP server is listening on the remote port.","The remote host is running a mail (SMTP) server on this port. 

Since SMTP servers are the targets of spammers, it is recommended you
disable it if you do not use it.","Disable this service if you do not use it, or filter incoming traffic
to this port.","None","1999/10/12","2020/09/22","","",""
"10267","","None","10.0.2.6","tcp","22","SSH Server Type and Version Information","An SSH server is listening on this port.","It is possible to obtain information about the remote SSH server by
sending an empty authentication request.","n/a","None","1999/10/12","2020/09/22","","",""
"10281","","None","10.0.2.6","tcp","23","Telnet Server Detection","A Telnet server is listening on the remote port.","The remote host is running a Telnet server, a remote terminal
server.","Disable this service if you do not use it.","None","1999/10/12","2020/06/12","","",""
"10287","","None","10.0.2.6","udp","0","Traceroute Information","It was possible to obtain traceroute information.","Makes a traceroute to the remote host.","n/a","None","1999/11/27","2020/08/20","","",""
"10342","","None","10.0.2.6","tcp","5900","VNC Software Detection","The remote host is running a remote display software (VNC).","The remote host is running VNC (Virtual Network Computing), which uses
the RFB (Remote Framebuffer) protocol to provide remote access to
graphical user interfaces and thus permits a console on the remote
host to be displayed on another.","Make sure use of this software is done in accordance with your
organization's security policy and filter incoming traffic to this
port.","None","2000/03/07","2017/06/12","","",""
"10397","","None","10.0.2.6","tcp","445","Microsoft Windows SMB LanMan Pipe Server Listing Disclosure","It is possible to obtain network information.","It was possible to obtain the browse list of the remote Windows system
by sending a request to the LANMAN pipe. The browse list is the list
of the nearest Windows systems of the remote host.","n/a","None","2000/05/09","2022/02/01","","",""
"10407","","Low","10.0.2.6","tcp","6000","X Server Detection","An X11 server is listening on the remote host","The remote host is running an X11 server.  X11 is a client-server
protocol that can be used to display graphical applications running on
a given host on a remote client. 

Since the X11 traffic is not ciphered, it is possible for an attacker
to eavesdrop on the connection.","Restrict access to this port. If the X11 client/server facility is not
used, disable TCP support in X11 entirely (-nolisten tcp).","Low","2000/05/12","2019/03/05","","",""
"10437","","None","10.0.2.6","tcp","2049","NFS Share Export List","The remote NFS server exports a list of shares.","This plugin retrieves the list of NFS exported shares.","Ensure each share is intended to be exported.","None","2000/06/07","2019/10/04","","",""
"10785","","None","10.0.2.6","tcp","445","Microsoft Windows SMB NativeLanManager Remote System Information Disclosure","It was possible to obtain information about the remote operating
system.","Nessus was able to obtain the remote operating system name and version
(Windows and/or Samba) by sending an authentication request to port
139 or 445. Note that this plugin requires SMB to be enabled on the
host.","n/a","None","2001/10/17","2021/09/20","","",""
"10863","","None","10.0.2.6","tcp","5432","SSL Certificate Information","This plugin displays the SSL certificate.","This plugin connects to every SSL-related port and attempts to 
extract and dump the X.509 certificate.","n/a","None","2008/05/19","2021/02/03","","",""
"10881","","None","10.0.2.6","tcp","22","SSH Protocol Versions Supported","A SSH server is running on the remote host.","This plugin determines the versions of the SSH protocol supported by
the remote SSH daemon.","n/a","None","2002/03/06","2021/01/19","","",""
"10919","","None","10.0.2.6","tcp","0","Open Port Re-check","Previously open ports are now closed.","One of several ports that were previously open are now closed or
unresponsive.

There are several possible reasons for this :

  - The scan may have caused a service to freeze or stop
    running.

  - An administrator may have stopped a particular service
    during the scanning process.

This might be an availability problem related to the following :

  - A network outage has been experienced during the scan,
    and the remote network cannot be reached anymore by the
    scanner.

  - This scanner may has been blacklisted by the system
    administrator or by an automatic intrusion detection /
    prevention system that detected the scan.

  - The remote host is now down, either because a user
    turned it off during the scan or because a select denial
    of service was effective.

In any case, the audit of the remote host might be incomplete and may
need to be done again.","- Increase checks_read_timeout and/or reduce max_checks.

- Disable any IPS during the Nessus scan","None","2002/03/19","2021/07/23","","",""
"11002","","None","10.0.2.6","tcp","53","DNS Server Detection","A DNS server is listening on the remote host.","The remote service is a Domain Name System (DNS) server, which
provides a mapping between hostnames and IP addresses.","Disable this service if it is not needed or restrict access to
internal hosts only if the service is available externally.","None","2003/02/13","2017/05/16","","",""
"11002","","None","10.0.2.6","udp","53","DNS Server Detection","A DNS server is listening on the remote host.","The remote service is a Domain Name System (DNS) server, which
provides a mapping between hostnames and IP addresses.","Disable this service if it is not needed or restrict access to
internal hosts only if the service is available externally.","None","2003/02/13","2017/05/16","","",""
"11011","","None","10.0.2.6","tcp","139","Microsoft Windows SMB Service Detection","A file / print sharing service is listening on the remote host.","The remote service understands the CIFS (Common Internet File System)
or Server Message Block (SMB) protocol, used to provide shared access
to files, printers, etc between nodes on a network.","n/a","None","2002/06/05","2021/02/11","","",""
"11011","","None","10.0.2.6","tcp","445","Microsoft Windows SMB Service Detection","A file / print sharing service is listening on the remote host.","The remote service understands the CIFS (Common Internet File System)
or Server Message Block (SMB) protocol, used to provide shared access
to files, printers, etc between nodes on a network.","n/a","None","2002/06/05","2021/02/11","","",""
"11111","","None","10.0.2.6","tcp","111","RPC Services Enumeration","An ONC RPC service is running on the remote host.","By sending a DUMP request to the portmapper, it was possible to
enumerate the ONC RPC services running on the remote port.  Using this
information, it is possible to connect and bind to each service by
sending an RPC request to the remote port.","n/a","None","2002/08/24","2011/05/24","","",""
"11111","","None","10.0.2.6","tcp","2049","RPC Services Enumeration","An ONC RPC service is running on the remote host.","By sending a DUMP request to the portmapper, it was possible to
enumerate the ONC RPC services running on the remote port.  Using this
information, it is possible to connect and bind to each service by
sending an RPC request to the remote port.","n/a","None","2002/08/24","2011/05/24","","",""
"11111","","None","10.0.2.6","tcp","35050","RPC Services Enumeration","An ONC RPC service is running on the remote host.","By sending a DUMP request to the portmapper, it was possible to
enumerate the ONC RPC services running on the remote port.  Using this
information, it is possible to connect and bind to each service by
sending an RPC request to the remote port.","n/a","None","2002/08/24","2011/05/24","","",""
"11111","","None","10.0.2.6","tcp","49762","RPC Services Enumeration","An ONC RPC service is running on the remote host.","By sending a DUMP request to the portmapper, it was possible to
enumerate the ONC RPC services running on the remote port.  Using this
information, it is possible to connect and bind to each service by
sending an RPC request to the remote port.","n/a","None","2002/08/24","2011/05/24","","",""
"11111","","None","10.0.2.6","tcp","50587","RPC Services Enumeration","An ONC RPC service is running on the remote host.","By sending a DUMP request to the portmapper, it was possible to
enumerate the ONC RPC services running on the remote port.  Using this
information, it is possible to connect and bind to each service by
sending an RPC request to the remote port.","n/a","None","2002/08/24","2011/05/24","","",""
"11111","","None","10.0.2.6","udp","111","RPC Services Enumeration","An ONC RPC service is running on the remote host.","By sending a DUMP request to the portmapper, it was possible to
enumerate the ONC RPC services running on the remote port.  Using this
information, it is possible to connect and bind to each service by
sending an RPC request to the remote port.","n/a","None","2002/08/24","2011/05/24","","",""
"11111","","None","10.0.2.6","udp","2049","RPC Services Enumeration","An ONC RPC service is running on the remote host.","By sending a DUMP request to the portmapper, it was possible to
enumerate the ONC RPC services running on the remote port.  Using this
information, it is possible to connect and bind to each service by
sending an RPC request to the remote port.","n/a","None","2002/08/24","2011/05/24","","",""
"11111","","None","10.0.2.6","udp","35202","RPC Services Enumeration","An ONC RPC service is running on the remote host.","By sending a DUMP request to the portmapper, it was possible to
enumerate the ONC RPC services running on the remote port.  Using this
information, it is possible to connect and bind to each service by
sending an RPC request to the remote port.","n/a","None","2002/08/24","2011/05/24","","",""
"11111","","None","10.0.2.6","udp","38205","RPC Services Enumeration","An ONC RPC service is running on the remote host.","By sending a DUMP request to the portmapper, it was possible to
enumerate the ONC RPC services running on the remote port.  Using this
information, it is possible to connect and bind to each service by
sending an RPC request to the remote port.","n/a","None","2002/08/24","2011/05/24","","",""
"11111","","None","10.0.2.6","udp","41773","RPC Services Enumeration","An ONC RPC service is running on the remote host.","By sending a DUMP request to the portmapper, it was possible to
enumerate the ONC RPC services running on the remote port.  Using this
information, it is possible to connect and bind to each service by
sending an RPC request to the remote port.","n/a","None","2002/08/24","2011/05/24","","",""
"11153","","None","10.0.2.6","tcp","3306","Service Detection (HELP Request)","The remote service could be identified.","It was possible to identify the remote service by its banner or by
looking at the error message it sends when it receives a 'HELP'
request.","n/a","None","2002/11/18","2018/11/26","","",""
"11154","","None","10.0.2.6","tcp","8787","Unknown Service Detection: Banner Retrieval","There is an unknown service running on the remote host.","Nessus was unable to identify a service on the remote host even though
it returned a banner of some type.","n/a","None","2002/11/18","2022/07/26","","",""
"11156","","None","10.0.2.6","tcp","6667","IRC Daemon Version Detection","The remote host is an IRC server.","This plugin determines the version of the IRC daemon.","n/a","None","2002/11/19","2016/01/08","","",""
"11213","CVE-2003-1567","Medium","10.0.2.6","tcp","80","HTTP TRACE / TRACK Methods Allowed","Debugging functions are enabled on the remote web server.","The remote web server supports the TRACE and/or TRACK methods. TRACE
and TRACK are HTTP methods that are used to debug web server
connections.","Disable these HTTP methods. Refer to the plugin output for more information.","Medium","2003/01/23","2020/06/12","","",""
"11213","CVE-2004-2320","Medium","10.0.2.6","tcp","80","HTTP TRACE / TRACK Methods Allowed","Debugging functions are enabled on the remote web server.","The remote web server supports the TRACE and/or TRACK methods. TRACE
and TRACK are HTTP methods that are used to debug web server
connections.","Disable these HTTP methods. Refer to the plugin output for more information.","Medium","2003/01/23","2020/06/12","","",""
"11213","CVE-2010-0386","Medium","10.0.2.6","tcp","80","HTTP TRACE / TRACK Methods Allowed","Debugging functions are enabled on the remote web server.","The remote web server supports the TRACE and/or TRACK methods. TRACE
and TRACK are HTTP methods that are used to debug web server
connections.","Disable these HTTP methods. Refer to the plugin output for more information.","Medium","2003/01/23","2020/06/12","","",""
"11219","","None","10.0.2.6","tcp","21","Nessus SYN scanner","It is possible to determine which TCP ports are open.","This plugin is a SYN 'half-open' port scanner.  It shall be reasonably
quick even against a firewalled target. 

Note that SYN scans are less intrusive than TCP (full connect) scans
against broken services, but they might cause problems for less robust
firewalls and also leave unclosed connections on the remote target, if
the network is loaded.","Protect your target with an IP filter.","None","2009/02/04","2022/07/19","","",""
"11219","","None","10.0.2.6","tcp","22","Nessus SYN scanner","It is possible to determine which TCP ports are open.","This plugin is a SYN 'half-open' port scanner.  It shall be reasonably
quick even against a firewalled target. 

Note that SYN scans are less intrusive than TCP (full connect) scans
against broken services, but they might cause problems for less robust
firewalls and also leave unclosed connections on the remote target, if
the network is loaded.","Protect your target with an IP filter.","None","2009/02/04","2022/07/19","","",""
"11219","","None","10.0.2.6","tcp","23","Nessus SYN scanner","It is possible to determine which TCP ports are open.","This plugin is a SYN 'half-open' port scanner.  It shall be reasonably
quick even against a firewalled target. 

Note that SYN scans are less intrusive than TCP (full connect) scans
against broken services, but they might cause problems for less robust
firewalls and also leave unclosed connections on the remote target, if
the network is loaded.","Protect your target with an IP filter.","None","2009/02/04","2022/07/19","","",""
"11219","","None","10.0.2.6","tcp","25","Nessus SYN scanner","It is possible to determine which TCP ports are open.","This plugin is a SYN 'half-open' port scanner.  It shall be reasonably
quick even against a firewalled target. 

Note that SYN scans are less intrusive than TCP (full connect) scans
against broken services, but they might cause problems for less robust
firewalls and also leave unclosed connections on the remote target, if
the network is loaded.","Protect your target with an IP filter.","None","2009/02/04","2022/07/19","","",""
"11219","","None","10.0.2.6","tcp","53","Nessus SYN scanner","It is possible to determine which TCP ports are open.","This plugin is a SYN 'half-open' port scanner.  It shall be reasonably
quick even against a firewalled target. 

Note that SYN scans are less intrusive than TCP (full connect) scans
against broken services, but they might cause problems for less robust
firewalls and also leave unclosed connections on the remote target, if
the network is loaded.","Protect your target with an IP filter.","None","2009/02/04","2022/07/19","","",""
"11219","","None","10.0.2.6","tcp","80","Nessus SYN scanner","It is possible to determine which TCP ports are open.","This plugin is a SYN 'half-open' port scanner.  It shall be reasonably
quick even against a firewalled target. 

Note that SYN scans are less intrusive than TCP (full connect) scans
against broken services, but they might cause problems for less robust
firewalls and also leave unclosed connections on the remote target, if
the network is loaded.","Protect your target with an IP filter.","None","2009/02/04","2022/07/19","","",""
"11219","","None","10.0.2.6","tcp","111","Nessus SYN scanner","It is possible to determine which TCP ports are open.","This plugin is a SYN 'half-open' port scanner.  It shall be reasonably
quick even against a firewalled target. 

Note that SYN scans are less intrusive than TCP (full connect) scans
against broken services, but they might cause problems for less robust
firewalls and also leave unclosed connections on the remote target, if
the network is loaded.","Protect your target with an IP filter.","None","2009/02/04","2022/07/19","","",""
"11219","","None","10.0.2.6","tcp","139","Nessus SYN scanner","It is possible to determine which TCP ports are open.","This plugin is a SYN 'half-open' port scanner.  It shall be reasonably
quick even against a firewalled target. 

Note that SYN scans are less intrusive than TCP (full connect) scans
against broken services, but they might cause problems for less robust
firewalls and also leave unclosed connections on the remote target, if
the network is loaded.","Protect your target with an IP filter.","None","2009/02/04","2022/07/19","","",""
"11219","","None","10.0.2.6","tcp","445","Nessus SYN scanner","It is possible to determine which TCP ports are open.","This plugin is a SYN 'half-open' port scanner.  It shall be reasonably
quick even against a firewalled target. 

Note that SYN scans are less intrusive than TCP (full connect) scans
against broken services, but they might cause problems for less robust
firewalls and also leave unclosed connections on the remote target, if
the network is loaded.","Protect your target with an IP filter.","None","2009/02/04","2022/07/19","","",""
"11219","","None","10.0.2.6","tcp","512","Nessus SYN scanner","It is possible to determine which TCP ports are open.","This plugin is a SYN 'half-open' port scanner.  It shall be reasonably
quick even against a firewalled target. 

Note that SYN scans are less intrusive than TCP (full connect) scans
against broken services, but they might cause problems for less robust
firewalls and also leave unclosed connections on the remote target, if
the network is loaded.","Protect your target with an IP filter.","None","2009/02/04","2022/07/19","","",""
"11219","","None","10.0.2.6","tcp","513","Nessus SYN scanner","It is possible to determine which TCP ports are open.","This plugin is a SYN 'half-open' port scanner.  It shall be reasonably
quick even against a firewalled target. 

Note that SYN scans are less intrusive than TCP (full connect) scans
against broken services, but they might cause problems for less robust
firewalls and also leave unclosed connections on the remote target, if
the network is loaded.","Protect your target with an IP filter.","None","2009/02/04","2022/07/19","","",""
"11219","","None","10.0.2.6","tcp","514","Nessus SYN scanner","It is possible to determine which TCP ports are open.","This plugin is a SYN 'half-open' port scanner.  It shall be reasonably
quick even against a firewalled target. 

Note that SYN scans are less intrusive than TCP (full connect) scans
against broken services, but they might cause problems for less robust
firewalls and also leave unclosed connections on the remote target, if
the network is loaded.","Protect your target with an IP filter.","None","2009/02/04","2022/07/19","","",""
"11219","","None","10.0.2.6","tcp","1099","Nessus SYN scanner","It is possible to determine which TCP ports are open.","This plugin is a SYN 'half-open' port scanner.  It shall be reasonably
quick even against a firewalled target. 

Note that SYN scans are less intrusive than TCP (full connect) scans
against broken services, but they might cause problems for less robust
firewalls and also leave unclosed connections on the remote target, if
the network is loaded.","Protect your target with an IP filter.","None","2009/02/04","2022/07/19","","",""
"11219","","None","10.0.2.6","tcp","1524","Nessus SYN scanner","It is possible to determine which TCP ports are open.","This plugin is a SYN 'half-open' port scanner.  It shall be reasonably
quick even against a firewalled target. 

Note that SYN scans are less intrusive than TCP (full connect) scans
against broken services, but they might cause problems for less robust
firewalls and also leave unclosed connections on the remote target, if
the network is loaded.","Protect your target with an IP filter.","None","2009/02/04","2022/07/19","","",""
"11219","","None","10.0.2.6","tcp","2049","Nessus SYN scanner","It is possible to determine which TCP ports are open.","This plugin is a SYN 'half-open' port scanner.  It shall be reasonably
quick even against a firewalled target. 

Note that SYN scans are less intrusive than TCP (full connect) scans
against broken services, but they might cause problems for less robust
firewalls and also leave unclosed connections on the remote target, if
the network is loaded.","Protect your target with an IP filter.","None","2009/02/04","2022/07/19","","",""
"11219","","None","10.0.2.6","tcp","2121","Nessus SYN scanner","It is possible to determine which TCP ports are open.","This plugin is a SYN 'half-open' port scanner.  It shall be reasonably
quick even against a firewalled target. 

Note that SYN scans are less intrusive than TCP (full connect) scans
against broken services, but they might cause problems for less robust
firewalls and also leave unclosed connections on the remote target, if
the network is loaded.","Protect your target with an IP filter.","None","2009/02/04","2022/07/19","","",""
"11219","","None","10.0.2.6","tcp","3306","Nessus SYN scanner","It is possible to determine which TCP ports are open.","This plugin is a SYN 'half-open' port scanner.  It shall be reasonably
quick even against a firewalled target. 

Note that SYN scans are less intrusive than TCP (full connect) scans
against broken services, but they might cause problems for less robust
firewalls and also leave unclosed connections on the remote target, if
the network is loaded.","Protect your target with an IP filter.","None","2009/02/04","2022/07/19","","",""
"11219","","None","10.0.2.6","tcp","3632","Nessus SYN scanner","It is possible to determine which TCP ports are open.","This plugin is a SYN 'half-open' port scanner.  It shall be reasonably
quick even against a firewalled target. 

Note that SYN scans are less intrusive than TCP (full connect) scans
against broken services, but they might cause problems for less robust
firewalls and also leave unclosed connections on the remote target, if
the network is loaded.","Protect your target with an IP filter.","None","2009/02/04","2022/07/19","","",""
"11219","","None","10.0.2.6","tcp","5432","Nessus SYN scanner","It is possible to determine which TCP ports are open.","This plugin is a SYN 'half-open' port scanner.  It shall be reasonably
quick even against a firewalled target. 

Note that SYN scans are less intrusive than TCP (full connect) scans
against broken services, but they might cause problems for less robust
firewalls and also leave unclosed connections on the remote target, if
the network is loaded.","Protect your target with an IP filter.","None","2009/02/04","2022/07/19","","",""
"11219","","None","10.0.2.6","tcp","5900","Nessus SYN scanner","It is possible to determine which TCP ports are open.","This plugin is a SYN 'half-open' port scanner.  It shall be reasonably
quick even against a firewalled target. 

Note that SYN scans are less intrusive than TCP (full connect) scans
against broken services, but they might cause problems for less robust
firewalls and also leave unclosed connections on the remote target, if
the network is loaded.","Protect your target with an IP filter.","None","2009/02/04","2022/07/19","","",""
"11219","","None","10.0.2.6","tcp","6000","Nessus SYN scanner","It is possible to determine which TCP ports are open.","This plugin is a SYN 'half-open' port scanner.  It shall be reasonably
quick even against a firewalled target. 

Note that SYN scans are less intrusive than TCP (full connect) scans
against broken services, but they might cause problems for less robust
firewalls and also leave unclosed connections on the remote target, if
the network is loaded.","Protect your target with an IP filter.","None","2009/02/04","2022/07/19","","",""
"11219","","None","10.0.2.6","tcp","6667","Nessus SYN scanner","It is possible to determine which TCP ports are open.","This plugin is a SYN 'half-open' port scanner.  It shall be reasonably
quick even against a firewalled target. 

Note that SYN scans are less intrusive than TCP (full connect) scans
against broken services, but they might cause problems for less robust
firewalls and also leave unclosed connections on the remote target, if
the network is loaded.","Protect your target with an IP filter.","None","2009/02/04","2022/07/19","","",""
"11219","","None","10.0.2.6","tcp","8009","Nessus SYN scanner","It is possible to determine which TCP ports are open.","This plugin is a SYN 'half-open' port scanner.  It shall be reasonably
quick even against a firewalled target. 

Note that SYN scans are less intrusive than TCP (full connect) scans
against broken services, but they might cause problems for less robust
firewalls and also leave unclosed connections on the remote target, if
the network is loaded.","Protect your target with an IP filter.","None","2009/02/04","2022/07/19","","",""
"11219","","None","10.0.2.6","tcp","8180","Nessus SYN scanner","It is possible to determine which TCP ports are open.","This plugin is a SYN 'half-open' port scanner.  It shall be reasonably
quick even against a firewalled target. 

Note that SYN scans are less intrusive than TCP (full connect) scans
against broken services, but they might cause problems for less robust
firewalls and also leave unclosed connections on the remote target, if
the network is loaded.","Protect your target with an IP filter.","None","2009/02/04","2022/07/19","","",""
"11219","","None","10.0.2.6","tcp","8787","Nessus SYN scanner","It is possible to determine which TCP ports are open.","This plugin is a SYN 'half-open' port scanner.  It shall be reasonably
quick even against a firewalled target. 

Note that SYN scans are less intrusive than TCP (full connect) scans
against broken services, but they might cause problems for less robust
firewalls and also leave unclosed connections on the remote target, if
the network is loaded.","Protect your target with an IP filter.","None","2009/02/04","2022/07/19","","",""
"11356","CVE-1999-0170","Critical","10.0.2.6","udp","2049","NFS Exported Share Information Disclosure","It is possible to access NFS shares on the remote host.","At least one of the NFS shares exported by the remote server could be
mounted by the scanning host.  An attacker may be able to leverage
this to read (and possibly write) files on remote host.","Configure NFS on the remote host so that only authorized hosts can
mount its remote shares.","Critical","2003/03/12","2018/09/17","true","",""
"11356","CVE-1999-0211","Critical","10.0.2.6","udp","2049","NFS Exported Share Information Disclosure","It is possible to access NFS shares on the remote host.","At least one of the NFS shares exported by the remote server could be
mounted by the scanning host.  An attacker may be able to leverage
this to read (and possibly write) files on remote host.","Configure NFS on the remote host so that only authorized hosts can
mount its remote shares.","Critical","2003/03/12","2018/09/17","true","",""
"11356","CVE-1999-0554","Critical","10.0.2.6","udp","2049","NFS Exported Share Information Disclosure","It is possible to access NFS shares on the remote host.","At least one of the NFS shares exported by the remote server could be
mounted by the scanning host.  An attacker may be able to leverage
this to read (and possibly write) files on remote host.","Configure NFS on the remote host so that only authorized hosts can
mount its remote shares.","Critical","2003/03/12","2018/09/17","true","",""
"11422","","None","10.0.2.6","tcp","8180","Web Server Unconfigured - Default Install Page Present","The remote web server is not configured or is improperly configured.","The remote web server uses its default welcome page. Therefore, it's
probable that this server is not used at all or is serving content
that is meant to be hidden.","Disable this service if you do not use it.","None","2003/03/20","2018/08/15","","",""
"11424","","None","10.0.2.6","tcp","80","WebDAV Detection","The remote server is running with WebDAV enabled.","WebDAV is an industry standard extension to the HTTP specification.
It adds a capability for authorized users to remotely add and manage
the content of a web server.

If you do not use this extension, you should disable it.","http://support.microsoft.com/default.aspx?kbid=241520","None","2003/03/20","2011/03/14","","",""
"11819","","None","10.0.2.6","udp","69","TFTP Daemon Detection","A TFTP server is listening on the remote port.","The remote host is running a TFTP (Trivial File Transfer Protocol)
daemon. TFTP is often used by routers and diskless hosts to retrieve
their configuration. It can also be used by worms to propagate.","Disable this service if you do not use it.","None","2003/08/13","2019/11/22","","",""
"11936","","None","10.0.2.6","tcp","0","OS Identification","It is possible to guess the remote operating system.","Using a combination of remote probes (e.g., TCP/IP, SMB, HTTP, NTP,
SNMP, etc.), it is possible to guess the name of the remote operating
system in use. It is also possible sometimes to guess the version of
the operating system.","n/a","None","2003/12/09","2022/03/09","","",""
"12085","","Medium","10.0.2.6","tcp","8180","Apache Tomcat Default Files","The remote web server contains default files.","The default error page, default index page, example JSPs and/or example servlets are installed on the remote Apache
Tomcat server. These files should be removed as they may help an attacker uncover information about the remote Tomcat
install or host itself.","Delete the default index page and remove the example JSP and servlets. Follow the Tomcat or OWASP instructions to 
replace or modify the default error page.","Medium","2004/03/02","2019/08/12","","",""
"12217","","Medium","10.0.2.6","udp","53","DNS Server Cache Snooping Remote Information Disclosure","The remote DNS server is vulnerable to cache snooping attacks.","The remote DNS server responds to queries for third-party domains
that do not have the recursion bit set. 

This may allow a remote attacker to determine which domains have
recently been resolved via this name server, and therefore which hosts
have been recently visited. 

For instance, if an attacker was interested in whether your company
utilizes the online services of a particular financial institution,
they would be able to use this attack to build a statistical model
regarding company usage of that financial institution.  Of course, the
attack can also be used to find B2B partners, web-surfing patterns,
external mail servers, and more.

Note: If this is an internal DNS server not accessible to outside
networks, attacks would be limited to the internal network. This
may include employees, consultants and potentially users on
a guest network or WiFi connection if supported.","Contact the vendor of the DNS software for a fix.","Medium","2004/04/27","2020/04/07","","",""
"15901","","Medium","10.0.2.6","tcp","5432","SSL Certificate Expiry","The remote server's SSL certificate has already expired.","This plugin checks expiry dates of certificates associated with SSL-
enabled services on the target and reports whether any have already
expired.","Purchase or generate a new SSL certificate to replace the existing
one.","Medium","2004/12/03","2021/02/03","","",""
"17975","","None","10.0.2.6","tcp","6667","Service Detection (GET request)","The remote service could be identified.","It was possible to identify the remote service by its banner or by
looking at the error message it sends when it receives an HTTP
request.","n/a","None","2005/04/06","2021/10/27","","",""
"18261","","None","10.0.2.6","tcp","0","Apache Banner Linux Distribution Disclosure","The name of the Linux distribution running on the remote host was
found in the banner of the web server.","Nessus was able to extract the banner of the Apache web server and
determine which Linux distribution the remote host is running.","If you do not wish to display this information, edit 'httpd.conf' and
set the directive 'ServerTokens Prod' and restart Apache.","None","2005/05/15","2022/03/21","","",""
"19288","","None","10.0.2.6","tcp","5900","VNC Server Security Type Detection","A VNC server is running on the remote host.","This script checks the remote VNC server protocol version and the
available 'security types'.","n/a","None","2005/07/22","2021/07/13","","",""
"19506","","None","10.0.2.6","tcp","0","Nessus Scan Information","This plugin displays information about the Nessus scan.","This plugin displays, for each tested host, information about the
scan itself :

  - The version of the plugin set.
  - The type of scanner (Nessus or Nessus Home).
  - The version of the Nessus Engine.
  - The port scanner(s) used.
  - The port range scanned.
  - The ping round trip time 
  - Whether credentialed or third-party patch management
    checks are possible.
  - Whether the display of superseded patches is enabled
  - The date of the scan.
  - The duration of the scan.
  - The number of hosts scanned in parallel.
  - The number of checks done in parallel.","n/a","None","2005/08/26","2022/06/09","","",""
"20007","","Critical","10.0.2.6","tcp","5432","SSL Version 2 and 3 Protocol Detection","The remote service encrypts traffic using a protocol with known
weaknesses.","The remote service accepts connections encrypted using SSL 2.0 and/or
SSL 3.0. These versions of SSL are affected by several cryptographic
flaws, including:

  - An insecure padding scheme with CBC ciphers.

  - Insecure session renegotiation and resumption schemes.

An attacker can exploit these flaws to conduct man-in-the-middle
attacks or to decrypt communications between the affected service and
clients.

Although SSL/TLS has a secure means for choosing the highest supported
version of the protocol (so that these versions will be used only if
the client or server support nothing better), many web browsers
implement this in an unsafe way that allows an attacker to downgrade
a connection (such as in POODLE). Therefore, it is recommended that
these protocols be disabled entirely.

NIST has determined that SSL 3.0 is no longer acceptable for secure
communications. As of the date of enforcement found in PCI DSS v3.1,
any version of SSL will not meet the PCI SSC's definition of 'strong
cryptography'.","Consult the application's documentation to disable SSL 2.0 and 3.0.
Use TLS 1.2 (with approved cipher suites) or higher instead.","Critical","2005/10/12","2022/04/04","","",""
"20108","","None","10.0.2.6","tcp","8180","Web Server / Application favicon.ico Vendor Fingerprinting","The remote web server contains a graphic image that is prone to
information disclosure.","The 'favicon.ico' file found on the remote web server belongs to a
popular web server. This may be used to fingerprint the web server.","Remove the 'favicon.ico' file or create a custom one for your site.","None","2005/10/28","2020/06/12","","",""
"21186","","None","10.0.2.6","tcp","8009","AJP Connector Detection","There is an AJP connector listening on the remote host.","The remote host is running an AJP (Apache JServ Protocol) connector, a
service by which a standalone web server such as Apache communicates
over TCP with a Java servlet container such as Tomcat.","n/a","None","2006/04/05","2019/11/22","","",""
"21643","","None","10.0.2.6","tcp","5432","SSL Cipher Suites Supported","The remote service encrypts communications using SSL.","This plugin detects which SSL ciphers are supported by the remote
service for encrypting communications.","n/a","None","2006/06/05","2022/07/25","","",""
"22227","","None","10.0.2.6","tcp","1099","RMI Registry Detection","An RMI registry is listening on the remote host.","The remote host is running an RMI registry, which acts as a bootstrap
naming service for registering and retrieving remote objects with
simple names in the Java Remote Method Invocation (RMI) system.","n/a","None","2006/08/16","2022/06/01","","",""
"22227","","None","10.0.2.6","tcp","1099","RMI Registry Detection","An RMI registry is listening on the remote host.","The remote host is running an RMI registry, which acts as a bootstrap
naming service for registering and retrieving remote objects with
simple names in the Java Remote Method Invocation (RMI) system.","n/a","None","2006/08/16","2022/06/01","","",""
"22964","","None","10.0.2.6","tcp","21","Service Detection","The remote service could be identified.","Nessus was able to identify the remote service by its banner or by
looking at the error message it sends when it receives an HTTP
request.","n/a","None","2007/08/19","2022/07/26","","",""
"22964","","None","10.0.2.6","tcp","22","Service Detection","The remote service could be identified.","Nessus was able to identify the remote service by its banner or by
looking at the error message it sends when it receives an HTTP
request.","n/a","None","2007/08/19","2022/07/26","","",""
"22964","","None","10.0.2.6","tcp","23","Service Detection","The remote service could be identified.","Nessus was able to identify the remote service by its banner or by
looking at the error message it sends when it receives an HTTP
request.","n/a","None","2007/08/19","2022/07/26","","",""
"22964","","None","10.0.2.6","tcp","25","Service Detection","The remote service could be identified.","Nessus was able to identify the remote service by its banner or by
looking at the error message it sends when it receives an HTTP
request.","n/a","None","2007/08/19","2022/07/26","","",""
"22964","","None","10.0.2.6","tcp","80","Service Detection","The remote service could be identified.","Nessus was able to identify the remote service by its banner or by
looking at the error message it sends when it receives an HTTP
request.","n/a","None","2007/08/19","2022/07/26","","",""
"22964","","None","10.0.2.6","tcp","1524","Service Detection","The remote service could be identified.","Nessus was able to identify the remote service by its banner or by
looking at the error message it sends when it receives an HTTP
request.","n/a","None","2007/08/19","2022/07/26","","",""
"22964","","None","10.0.2.6","tcp","2121","Service Detection","The remote service could be identified.","Nessus was able to identify the remote service by its banner or by
looking at the error message it sends when it receives an HTTP
request.","n/a","None","2007/08/19","2022/07/26","","",""
"22964","","None","10.0.2.6","tcp","5900","Service Detection","The remote service could be identified.","Nessus was able to identify the remote service by its banner or by
looking at the error message it sends when it receives an HTTP
request.","n/a","None","2007/08/19","2022/07/26","","",""
"22964","","None","10.0.2.6","tcp","8180","Service Detection","The remote service could be identified.","Nessus was able to identify the remote service by its banner or by
looking at the error message it sends when it receives an HTTP
request.","n/a","None","2007/08/19","2022/07/26","","",""
"24260","","None","10.0.2.6","tcp","80","HyperText Transfer Protocol (HTTP) Information","Some information about the remote HTTP configuration can be extracted.","This test gives some information about the remote HTTP protocol - the
version used, whether HTTP Keep-Alive and HTTP pipelining are enabled,
etc... 

This test is informational only and does not denote any security
problem.","n/a","None","2007/01/30","2019/11/22","","",""
"24260","","None","10.0.2.6","tcp","8180","HyperText Transfer Protocol (HTTP) Information","Some information about the remote HTTP configuration can be extracted.","This test gives some information about the remote HTTP protocol - the
version used, whether HTTP Keep-Alive and HTTP pipelining are enabled,
etc... 

This test is informational only and does not denote any security
problem.","n/a","None","2007/01/30","2019/11/22","","",""
"25220","","None","10.0.2.6","tcp","0","TCP/IP Timestamps Supported","The remote service implements TCP timestamps.","The remote host implements TCP timestamps, as defined by RFC1323.  A
side effect of this feature is that the uptime of the remote host can
sometimes be computed.","n/a","None","2007/05/16","2019/03/06","","",""
"25240","","None","10.0.2.6","tcp","445","Samba Server Detection","An SMB server is running on the remote host.","The remote host is running Samba, a CIFS/SMB server for Linux and
Unix.","n/a","None","2007/05/16","2019/11/22","","",""
"26024","","None","10.0.2.6","tcp","5432","PostgreSQL Server Detection","A database service is listening on the remote host.","The remote service is a PostgreSQL database server, or a derivative
such as EnterpriseDB.","Limit incoming traffic to this port if desired.","None","2007/09/14","2022/06/01","","",""
"32314","CVE-2008-0166","Critical","10.0.2.6","tcp","22","Debian OpenSSH/OpenSSL Package Random Number Generator Weakness","The remote SSH host keys are weak.","The remote SSH host key has been generated on a Debian 
or Ubuntu system which contains a bug in the random number
generator of its OpenSSL library.

The problem is due to a Debian packager removing nearly all
sources of entropy in the remote version of OpenSSL.

An attacker can easily obtain the private part of the remote
key and use this to set up decipher the remote session  or
set up a man in the middle attack.","Consider all cryptographic material generated on the remote host
to be guessable. In particuliar, all SSH, SSL and OpenVPN key
material should be re-generated.","Critical","2008/05/14","2018/11/15","","true",""
"32321","CVE-2008-0166","Critical","10.0.2.6","tcp","5432","Debian OpenSSH/OpenSSL Package Random Number Generator Weakness (SSL check)","The remote SSL certificate uses a weak key.","The remote x509 certificate on the remote SSL server has been generated
on a Debian or Ubuntu system which contains a bug in the random number
generator of its OpenSSL library. 

The problem is due to a Debian packager removing nearly all sources of
entropy in the remote version of OpenSSL. 

An attacker can easily obtain the private part of the remote key and use
this to decipher the remote session or set up a man in the middle
attack.","Consider all cryptographic material generated on the remote host to be
guessable.  In particuliar, all SSH, SSL and OpenVPN key material should
be re-generated.","Critical","2008/05/15","2020/11/16","","true",""
"33447","CVE-2008-1447","Critical","10.0.2.6","udp","53","Multiple Vendor DNS Query ID Field Prediction Cache Poisoning","The remote name resolver (or the server it uses upstream) is affected
by a DNS cache poisoning vulnerability.","The remote DNS resolver does not use random ports when making queries
to third-party DNS servers. An unauthenticated, remote attacker can
exploit this to poison the remote DNS server, allowing the attacker to
divert legitimate traffic to arbitrary sites.","Contact your DNS server vendor for a patch.","High","2008/07/09","2018/11/15","","",""
"33850","","Critical","10.0.2.6","tcp","0","Unix Operating System Unsupported Version Detection","The operating system running on the remote host is no longer
supported.","According to its self-reported version number, the Unix operating
system running on the remote host is no longer supported.

Lack of support implies that no new security patches for the product
will be released by the vendor. As a result, it is likely to contain
security vulnerabilities.","Upgrade to a version of the Unix operating system that is currently
supported.","Critical","2008/08/08","2022/05/18","","",""
"34460","","Critical","10.0.2.6","tcp","8180","Unsupported Web Server Detection","The remote web server is obsolete / unsupported.","According to its version, the remote web server is obsolete and no
longer maintained by its vendor or provider.

Lack of support implies that no new security patches for the product
will be released by the vendor. As a result, it may contain security
vulnerabilities.","Remove the web server if it is no longer needed. Otherwise, upgrade to a
supported version if possible or switch to another server.","High","2008/10/21","2022/07/07","","",""
"35371","","None","10.0.2.6","udp","53","DNS Server hostname.bind Map Hostname Disclosure","The DNS server discloses the remote host name.","It is possible to learn the remote host name by querying the remote
DNS server for 'hostname.bind' in the CHAOS domain.","It may be possible to disable this feature.  Consult the vendor's
documentation for more information.","None","2009/01/15","2011/09/14","","",""
"35716","","None","10.0.2.6","tcp","0","Ethernet Card Manufacturer Detection","The manufacturer can be identified from the Ethernet OUI.","Each ethernet MAC address starts with a 24-bit Organizationally 
Unique Identifier (OUI). These OUIs are registered by IEEE.","n/a","None","2009/02/19","2020/05/13","","",""
"39446","","None","10.0.2.6","tcp","8180","Apache Tomcat Detection","The remote web server is an Apache Tomcat server.","Nessus was able to detect a remote Apache Tomcat
web server.","n/a","None","2009/06/18","2020/09/22","","",""
"39519","","None","10.0.2.6","tcp","2121","Backported Security Patch Detection (FTP)","Security patches are backported.","Security patches may have been 'backported' to the remote FTP server
without changing its version number. 

Banner-based checks have been disabled to avoid false positives. 

Note that this test is informational only and does not denote any
security problem.","n/a","None","2009/06/25","2015/07/07","","",""
"39520","","None","10.0.2.6","tcp","22","Backported Security Patch Detection (SSH)","Security patches are backported.","Security patches may have been 'backported' to the remote SSH server
without changing its version number. 

Banner-based checks have been disabled to avoid false positives. 

Note that this test is informational only and does not denote any
security problem.","n/a","None","2009/06/25","2015/07/07","","",""
"39521","","None","10.0.2.6","tcp","80","Backported Security Patch Detection (WWW)","Security patches are backported.","Security patches may have been 'backported' to the remote HTTP server
without changing its version number.

Banner-based checks have been disabled to avoid false positives.

Note that this test is informational only and does not denote any
security problem.","n/a","None","2009/06/25","2015/07/07","","",""
"42256","","High","10.0.2.6","tcp","2049","NFS Shares World Readable","The remote NFS server exports world-readable shares.","The remote NFS server is exporting one or more shares without
restricting access (based on hostname, IP, or IP range).","Place the appropriate restrictions on all NFS shares.","Medium","2009/10/26","2020/05/05","","",""
"42263","","Medium","10.0.2.6","tcp","23","Unencrypted Telnet Server","The remote Telnet server transmits traffic in cleartext.","The remote host is running a Telnet server over an unencrypted
channel.

Using Telnet over an unencrypted channel is not recommended as logins,
passwords, and commands are transferred in cleartext. This allows a 
remote, man-in-the-middle attacker to eavesdrop on a Telnet session to
obtain credentials or other sensitive information and to modify
traffic exchanged between a client and server.

SSH is preferred over Telnet since it protects credentials from
eavesdropping and can tunnel additional data streams such as an X11
session.","Disable the Telnet service and use SSH instead.","Medium","2009/10/27","2020/06/12","","",""
"42873","CVE-2016-2183","High","10.0.2.6","tcp","5432","SSL Medium Strength Cipher Suites Supported (SWEET32)","The remote service supports the use of medium strength SSL ciphers.","The remote host supports the use of SSL ciphers that offer medium
strength encryption. Nessus regards medium strength as any encryption
that uses key lengths at least 64 bits and less than 112 bits, or 
else that uses the 3DES encryption suite.

Note that it is considerably easier to circumvent medium strength
encryption if the attacker is on the same physical network.","Reconfigure the affected application if possible to avoid use of
medium strength ciphers.","Medium","2009/11/23","2021/02/03","","",""
"45410","","None","10.0.2.6","tcp","5432","SSL Certificate 'commonName' Mismatch","The 'commonName' (CN) attribute in the SSL certificate does not match
the hostname.","The service running on the remote host presents an SSL certificate for
which the 'commonName' (CN) attribute does not match the hostname on
which the service listens.","If the machine has several names, make sure that users connect to the
service through the DNS hostname that matches the common name in the
certificate.","None","2010/04/03","2021/03/09","","",""
"45411","","Medium","10.0.2.6","tcp","5432","SSL Certificate with Wrong Hostname","The SSL certificate for this service is for a different host.","The 'commonName' (CN) attribute of the SSL certificate presented for
this service is for a different machine.","Purchase or generate a proper SSL certificate for this service.","Medium","2010/04/03","2020/04/27","","",""
"45590","","None","10.0.2.6","tcp","0","Common Platform Enumeration (CPE)","It was possible to enumerate CPE names that matched on the remote
system.","By using information obtained from a Nessus scan, this plugin reports
CPE (Common Platform Enumeration) matches for various hardware and
software products found on a host. 

Note that if an official CPE is not available for the product, this
plugin computes the best possible CPE based on the information
available from the scan.","n/a","None","2010/04/21","2022/07/26","","",""
"46882","CVE-2010-2075","Critical","10.0.2.6","tcp","6667","UnrealIRCd Backdoor Detection","The remote IRC server contains a backdoor.","The remote IRC server is a version of UnrealIRCd with a backdoor
that allows an attacker to execute arbitrary code on the affected
host.","Re-download the software, verify it using the published MD5 / SHA1
checksums, and re-install it.","Critical","2010/06/14","2022/04/11","true","","true"
"48204","","None","10.0.2.6","tcp","80","Apache HTTP Server Version","It is possible to obtain the version number of the remote Apache HTTP
server.","The remote host is running the Apache HTTP Server, an open source web
server. It was possible to read the version number from the banner.","n/a","None","2010/07/30","2020/09/22","","",""
"48243","","None","10.0.2.6","tcp","80","PHP Version Detection","It was possible to obtain the version number of the remote PHP
installation.","Nessus was able to determine the version of PHP available on the
remote web server.","n/a","None","2010/08/04","2022/04/15","","",""
"50845","","None","10.0.2.6","tcp","5432","OpenSSL Detection","The remote service appears to use OpenSSL to encrypt traffic.","Based on its response to a TLS request with a specially crafted
server name extension, it seems that the remote service is using the
OpenSSL library to encrypt traffic.

Note that this plugin can only detect OpenSSL implementations that
have enabled support for TLS extensions (RFC 4366).","n/a","None","2010/11/30","2020/06/12","","",""
"51192","","Medium","10.0.2.6","tcp","5432","SSL Certificate Cannot Be Trusted","The SSL certificate for this service cannot be trusted.","The server's X.509 certificate cannot be trusted. This situation can
occur in three different ways, in which the chain of trust can be
broken, as stated below :

  - First, the top of the certificate chain sent by the
    server might not be descended from a known public
    certificate authority. This can occur either when the
    top of the chain is an unrecognized, self-signed
    certificate, or when intermediate certificates are
    missing that would connect the top of the certificate
    chain to a known public certificate authority.

  - Second, the certificate chain may contain a certificate
    that is not valid at the time of the scan. This can
    occur either when the scan occurs before one of the
    certificate's 'notBefore' dates, or after one of the
    certificate's 'notAfter' dates.

  - Third, the certificate chain may contain a signature
    that either didn't match the certificate's information
    or could not be verified. Bad signatures can be fixed by
    getting the certificate with the bad signature to be
    re-signed by its issuer. Signatures that could not be
    verified are the result of the certificate's issuer
    using a signing algorithm that Nessus either does not
    support or does not recognize.

If the remote host is a public host in production, any break in the
chain makes it more difficult for users to verify the authenticity and 
identity of the web server. This could make it easier to carry out 
man-in-the-middle attacks against the remote host.","Purchase or generate a proper SSL certificate for this service.","Medium","2010/12/15","2020/04/27","","",""
"51988","","Critical","10.0.2.6","tcp","1524","Bind Shell Backdoor Detection","The remote host may have been compromised.","A shell is listening on the remote port without any authentication
being required. An attacker may use it by connecting to the remote
port and sending commands directly.","Verify if the remote host has been compromised, and reinstall the
system if necessary.","Critical","2011/02/15","2022/04/11","","",""
"52611","CVE-2011-0411","Medium","10.0.2.6","tcp","25","SMTP Service STARTTLS Plaintext Command Injection","The remote mail service allows plaintext command injection while 
negotiating an encrypted communications channel.","The remote SMTP service contains a software flaw in its STARTTLS
implementation that could allow a remote, unauthenticated attacker to
inject commands during the plaintext protocol phase that will be
executed during the ciphertext protocol phase. 

Successful exploitation could allow an attacker to steal a victim's
email or associated SASL (Simple Authentication and Security Layer)
credentials.","Contact the vendor to see if an update is available.","Medium","2011/03/10","2019/03/06","","",""
"52611","CVE-2011-1430","Medium","10.0.2.6","tcp","25","SMTP Service STARTTLS Plaintext Command Injection","The remote mail service allows plaintext command injection while 
negotiating an encrypted communications channel.","The remote SMTP service contains a software flaw in its STARTTLS
implementation that could allow a remote, unauthenticated attacker to
inject commands during the plaintext protocol phase that will be
executed during the ciphertext protocol phase. 

Successful exploitation could allow an attacker to steal a victim's
email or associated SASL (Simple Authentication and Security Layer)
credentials.","Contact the vendor to see if an update is available.","Medium","2011/03/10","2019/03/06","","",""
"52611","CVE-2011-1431","Medium","10.0.2.6","tcp","25","SMTP Service STARTTLS Plaintext Command Injection","The remote mail service allows plaintext command injection while 
negotiating an encrypted communications channel.","The remote SMTP service contains a software flaw in its STARTTLS
implementation that could allow a remote, unauthenticated attacker to
inject commands during the plaintext protocol phase that will be
executed during the ciphertext protocol phase. 

Successful exploitation could allow an attacker to steal a victim's
email or associated SASL (Simple Authentication and Security Layer)
credentials.","Contact the vendor to see if an update is available.","Medium","2011/03/10","2019/03/06","","",""
"52611","CVE-2011-1432","Medium","10.0.2.6","tcp","25","SMTP Service STARTTLS Plaintext Command Injection","The remote mail service allows plaintext command injection while 
negotiating an encrypted communications channel.","The remote SMTP service contains a software flaw in its STARTTLS
implementation that could allow a remote, unauthenticated attacker to
inject commands during the plaintext protocol phase that will be
executed during the ciphertext protocol phase. 

Successful exploitation could allow an attacker to steal a victim's
email or associated SASL (Simple Authentication and Security Layer)
credentials.","Contact the vendor to see if an update is available.","Medium","2011/03/10","2019/03/06","","",""
"52611","CVE-2011-1506","Medium","10.0.2.6","tcp","25","SMTP Service STARTTLS Plaintext Command Injection","The remote mail service allows plaintext command injection while 
negotiating an encrypted communications channel.","The remote SMTP service contains a software flaw in its STARTTLS
implementation that could allow a remote, unauthenticated attacker to
inject commands during the plaintext protocol phase that will be
executed during the ciphertext protocol phase. 

Successful exploitation could allow an attacker to steal a victim's
email or associated SASL (Simple Authentication and Security Layer)
credentials.","Contact the vendor to see if an update is available.","Medium","2011/03/10","2019/03/06","","",""
"52611","CVE-2011-2165","Medium","10.0.2.6","tcp","25","SMTP Service STARTTLS Plaintext Command Injection","The remote mail service allows plaintext command injection while 
negotiating an encrypted communications channel.","The remote SMTP service contains a software flaw in its STARTTLS
implementation that could allow a remote, unauthenticated attacker to
inject commands during the plaintext protocol phase that will be
executed during the ciphertext protocol phase. 

Successful exploitation could allow an attacker to steal a victim's
email or associated SASL (Simple Authentication and Security Layer)
credentials.","Contact the vendor to see if an update is available.","Medium","2011/03/10","2019/03/06","","",""
"52703","","None","10.0.2.6","tcp","21","vsftpd Detection","An FTP server is listening on the remote port.","The remote host is running vsftpd, an FTP server for UNIX-like
systems written in C.","n/a","None","2011/03/17","2019/11/22","","",""
"53335","","None","10.0.2.6","tcp","111","RPC portmapper (TCP)","An ONC RPC portmapper is running on the remote host.","The RPC portmapper is running on this port. 

The portmapper allows someone to get the port number of each RPC
service running on the remote host by sending either multiple lookup
requests or a DUMP request.","n/a","None","2011/04/08","2011/08/29","","",""
"54615","","None","10.0.2.6","tcp","0","Device Type","It is possible to guess the remote device type.","Based on the remote operating system, it is possible to determine
what the remote system type is (eg: a printer, router, general-purpose
computer, etc).","n/a","None","2011/05/23","2011/05/23","","",""
"56984","","None","10.0.2.6","tcp","5432","SSL / TLS Versions Supported","The remote service encrypts communications.","This plugin detects which SSL and TLS versions are supported by the
remote service for encrypting communications.","n/a","None","2011/12/01","2021/02/03","","",""
"57041","","None","10.0.2.6","tcp","5432","SSL Perfect Forward Secrecy Cipher Suites Supported","The remote service supports the use of SSL Perfect Forward Secrecy
ciphers, which maintain confidentiality even if the key is stolen.","The remote host supports the use of SSL ciphers that offer Perfect
Forward Secrecy (PFS) encryption.  These cipher suites ensure that
recorded SSL traffic cannot be broken at a future date if the server's
private key is compromised.","n/a","None","2011/12/07","2021/03/09","","",""
"57582","","Medium","10.0.2.6","tcp","5432","SSL Self-Signed Certificate","The SSL certificate chain for this service ends in an unrecognized
self-signed certificate.","The X.509 certificate chain for this service is not signed by a
recognized certificate authority.  If the remote host is a public host
in production, this nullifies the use of SSL as anyone could establish
a man-in-the-middle attack against the remote host. 

Note that this plugin does not check for certificate chains that end
in a certificate that is not self-signed, but is signed by an
unrecognized certificate authority.","Purchase or generate a proper SSL certificate for this service.","Medium","2012/01/17","2022/06/14","","",""
"57608","","Medium","10.0.2.6","tcp","445","SMB Signing not required","Signing is not required on the remote SMB server.","Signing is not required on the remote SMB server. An unauthenticated,
remote attacker can exploit this to conduct man-in-the-middle attacks
against the SMB server.","Enforce message signing in the host's configuration. On Windows, this
is found in the policy setting 'Microsoft network server: Digitally
sign communications (always)'. On Samba, the setting is called 'server
signing'. See the 'see also' links for further details.","Medium","2012/01/19","2021/03/15","","",""
"61708","","Critical","10.0.2.6","tcp","5900","VNC Server 'password' Password","A VNC server running on the remote host is secured with a weak
password.","The VNC server running on the remote host is secured with a weak
password.  Nessus was able to login using VNC authentication and a
password of 'password'.  A remote, unauthenticated attacker could
exploit this to take control of the system.","Secure the VNC service with a strong password.","Critical","2012/08/29","2015/09/24","","",""
"65792","","None","10.0.2.6","tcp","5900","VNC Server Unencrypted Communication Detection","A VNC server with one or more unencrypted 'security-types' is running
on the remote host.","This script checks the remote VNC server protocol version and the
available 'security types' to determine if any unencrypted
'security-types' are in use or available.","n/a","None","2013/04/03","2014/03/12","","",""
"65821","CVE-2013-2566","Medium","10.0.2.6","tcp","5432","SSL RC4 Cipher Suites Supported (Bar Mitzvah)","The remote service supports the use of the RC4 cipher.","The remote host supports the use of RC4 in one or more cipher suites.
The RC4 cipher is flawed in its generation of a pseudo-random stream
of bytes so that a wide variety of small biases are introduced into
the stream, decreasing its randomness.

If plaintext is repeatedly encrypted (e.g., HTTP cookies), and an
attacker is able to obtain many (i.e., tens of millions) ciphertexts,
the attacker may be able to derive the plaintext.","Reconfigure the affected application, if possible, to avoid use of RC4
ciphers. Consider using TLS 1.2 with AES-GCM suites subject to browser
and web server support.","Medium","2013/04/05","2021/02/03","","",""
"65821","CVE-2015-2808","Medium","10.0.2.6","tcp","5432","SSL RC4 Cipher Suites Supported (Bar Mitzvah)","The remote service supports the use of the RC4 cipher.","The remote host supports the use of RC4 in one or more cipher suites.
The RC4 cipher is flawed in its generation of a pseudo-random stream
of bytes so that a wide variety of small biases are introduced into
the stream, decreasing its randomness.

If plaintext is repeatedly encrypted (e.g., HTTP cookies), and an
attacker is able to obtain many (i.e., tens of millions) ciphertexts,
the attacker may be able to derive the plaintext.","Reconfigure the affected application, if possible, to avoid use of RC4
ciphers. Consider using TLS 1.2 with AES-GCM suites subject to browser
and web server support.","Medium","2013/04/05","2021/02/03","","",""
"66334","","None","10.0.2.6","tcp","0","Patch Report","The remote host is missing several patches.","The remote host is missing one or more security patches. This plugin lists the newest version of each patch to install 
to make sure the remote host is up-to-date.

Note: Because the 'Show missing patches that have been superseded' setting in your scan policy depends on this plugin,
it will always run and cannot be disabled.","Install the patches listed below.","None","2013/07/08","2022/07/19","","",""
"70544","","None","10.0.2.6","tcp","5432","SSL Cipher Block Chaining Cipher Suites Supported","The remote service supports the use of SSL Cipher Block Chaining
ciphers, which combine previous blocks with subsequent ones.","The remote host supports the use of SSL ciphers that operate in Cipher
Block Chaining (CBC) mode.  These cipher suites offer additional
security over Electronic Codebook (ECB) mode, but have the potential to
leak information if used improperly.","n/a","None","2013/10/22","2021/02/03","","",""
"70657","","None","10.0.2.6","tcp","22","SSH Algorithms and Languages Supported","An SSH server is listening on this port.","This script detects which algorithms and languages are supported by
the remote service for encrypting communications.","n/a","None","2013/10/28","2017/08/28","","",""
"70658","CVE-2008-5161","Low","10.0.2.6","tcp","22","SSH Server CBC Mode Ciphers Enabled","The SSH server is configured to use Cipher Block Chaining.","The SSH server is configured to support Cipher Block Chaining (CBC)
encryption.  This may allow an attacker to recover the plaintext message
from the ciphertext. 

Note that this plugin only checks for the options of the SSH server and
does not check for vulnerable software versions.","Contact the vendor or consult product documentation to disable CBC mode
cipher encryption, and enable CTR or GCM cipher mode encryption.","Low","2013/10/28","2018/07/30","","",""
"71049","","Low","10.0.2.6","tcp","22","SSH Weak MAC Algorithms Enabled","The remote SSH server is configured to allow MD5 and 96-bit MAC
algorithms.","The remote SSH server is configured to allow either MD5 or 96-bit MAC
algorithms, both of which are considered weak.

Note that this plugin only checks for the options of the SSH server,
and it does not check for vulnerable software versions.","Contact the vendor or consult product documentation to disable MD5 and
96-bit MAC algorithms.","Low","2013/11/22","2016/12/14","","",""
"72779","","None","10.0.2.6","tcp","53","DNS Server Version Detection","Nessus was able to obtain version information on the remote DNS
server.","Nessus was able to obtain version information by sending a special TXT
record query to the remote host.

Note that this version is not necessarily accurate and could even be
forged, as some DNS servers send the information based on a
configuration file.","n/a","None","2014/03/03","2020/09/22","","",""
"78479","CVE-2014-3566","Medium","10.0.2.6","tcp","5432","SSLv3 Padding Oracle On Downgraded Legacy Encryption Vulnerability (POODLE)","It is possible to obtain sensitive information from the remote host
with SSL/TLS-enabled services.","The remote host is affected by a man-in-the-middle (MitM) information
disclosure vulnerability known as POODLE. The vulnerability is due to
the way SSL 3.0 handles padding bytes when decrypting messages
encrypted using block ciphers in cipher block chaining (CBC) mode.
MitM attackers can decrypt a selected byte of a cipher text in as few
as 256 tries if they are able to force a victim application to
repeatedly send the same data over newly created SSL 3.0 connections.

As long as a client and service both support SSLv3, a connection can
be 'rolled back' to SSLv3, even if TLSv1 or newer is supported by the
client and service.

The TLS Fallback SCSV mechanism prevents 'version rollback' attacks
without impacting legacy clients; however, it can only protect
connections when the client and service support the mechanism. Sites
that cannot disable SSLv3 immediately should enable this mechanism.

This is a vulnerability in the SSLv3 specification, not in any
particular SSL implementation. Disabling SSLv3 is the only way to
completely mitigate the vulnerability.","Disable SSLv3.

Services that must support SSLv3 should enable the TLS Fallback SCSV
mechanism until SSLv3 can be disabled.","Medium","2014/10/15","2020/06/12","","",""
"84574","","None","10.0.2.6","tcp","80","Backported Security Patch Detection (PHP)","Security patches have been backported.","Security patches may have been 'backported' to the remote PHP install
without changing its version number.

Banner-based checks have been disabled to avoid false positives.

Note that this test is informational only and does not denote any
security problem.","n/a","None","2015/07/07","2022/04/11","","",""
"86420","","None","10.0.2.6","tcp","0","Ethernet MAC Addresses","This plugin gathers MAC addresses from various sources and
consolidates them into a list.","This plugin gathers MAC addresses discovered from both remote probing
of the host (e.g. SNMP and Netbios) and from running local checks
(e.g. ifconfig). It then consolidates the MAC addresses into a single,
unique, and uniform list.","n/a","None","2015/10/16","2020/05/13","","",""
"90317","","Medium","10.0.2.6","tcp","22","SSH Weak Algorithms Supported","The remote SSH server is configured to allow weak encryption
algorithms or no algorithm at all.","Nessus has detected that the remote SSH server is configured to use
the Arcfour stream cipher or no cipher at all. RFC 4253 advises
against using Arcfour due to an issue with weak keys.","Contact the vendor or consult product documentation to remove the weak
ciphers.","Medium","2016/04/04","2016/12/14","","",""
"90509","CVE-2016-2118","High","10.0.2.6","tcp","445","Samba Badlock Vulnerability","An SMB server running on the remote host is affected by the Badlock
vulnerability.","The version of Samba, a CIFS/SMB server for Linux and Unix, running on
the remote host is affected by a flaw, known as Badlock, that exists
in the Security Account Manager (SAM) and Local Security
Authority (Domain Policy) (LSAD) protocols due to improper
authentication level negotiation over Remote Procedure Call (RPC)
channels. A man-in-the-middle attacker who is able to able to
intercept the traffic between a client and a server hosting a SAM
database can exploit this flaw to force a downgrade of the
authentication level, which allows the execution of arbitrary Samba
network calls in the context of the intercepted user, such as viewing
or modifying sensitive security data in the Active Directory (AD)
database or disabling critical services.","Upgrade to Samba version 4.2.11 / 4.3.8 / 4.4.2 or later.","Medium","2016/04/13","2019/11/20","","",""
"96982","","None","10.0.2.6","tcp","445","Server Message Block (SMB) Protocol Version 1 Enabled (uncredentialed check)","The remote Windows host supports the SMBv1 protocol.","The remote Windows host supports Server Message Block Protocol
version 1 (SMBv1). Microsoft recommends that users discontinue the use
of SMBv1 due to the lack of security features that were included in
later SMB versions. Additionally, the Shadow Brokers group reportedly
has an exploit that affects SMB; however, it is unknown if the exploit
affects SMBv1 or another version. In response to this, US-CERT
recommends that users disable SMBv1 per SMB best practices to mitigate
these potential issues.","Disable SMBv1 according to the vendor instructions in Microsoft
KB2696547. Additionally, block SMB directly by blocking TCP port 445
on all network boundary devices. For SMB over the NetBIOS API, block
TCP ports 137 / 139 and UDP ports 137 / 138 on all network boundary
devices.","None","2017/02/03","2020/09/22","","",""
"100871","","None","10.0.2.6","tcp","445","Microsoft Windows SMB Versions Supported (remote check)","It was possible to obtain information about the version of SMB running
on the remote host.","Nessus was able to obtain the version of SMB running on the remote
host by sending an authentication request to port 139 or 445.

Note that this plugin is a remote check and does not work on agents.","n/a","None","2017/06/19","2019/11/22","","",""
"104743","","Medium","10.0.2.6","tcp","5432","TLS Version 1.0 Protocol Detection","The remote service encrypts traffic using an older version of TLS.","The remote service accepts connections encrypted using TLS 1.0. TLS 1.0 has a
number of cryptographic design flaws. Modern implementations of TLS 1.0
mitigate these problems, but newer versions of TLS like 1.2 and 1.3 are
designed against these flaws and should be used whenever possible.

As of March 31, 2020, Endpoints that arent enabled for TLS 1.2
and higher will no longer function properly with major web browsers and major vendors.

PCI DSS v3.2 requires that TLS 1.0 be disabled entirely by June 30,
2018, except for POS POI terminals (and the SSL/TLS termination
points to which they connect) that can be verified as not being
susceptible to any known exploits.","Enable support for TLS 1.2 and 1.3, and disable support for TLS 1.0.","Medium","2017/11/22","2020/03/31","","",""
"104887","","None","10.0.2.6","tcp","445","Samba Version","It was possible to obtain the samba version from the remote 
operating system.","Nessus was able to obtain the samba version from the remote 
operating by sending an authentication request to port 139 or 445. 
Note that this plugin requires SMB1 to be enabled on the host.","n/a","None","2017/11/30","2019/11/22","","",""
"106716","","None","10.0.2.6","tcp","445","Microsoft Windows SMB2 and SMB3 Dialects Supported (remote check)","It was possible to obtain information about the dialects of SMB2 and SMB3 available
on the remote host.","Nessus was able to obtain the set of SMB2 and SMB3 dialects running on the remote
host by sending an authentication request to port 139 or 445.","n/a","None","2018/02/09","2020/03/11","","",""
"110723","","None","10.0.2.6","tcp","0","Target Credential Status by Authentication Protocol - No Credentials Provided","Nessus was able to find common ports used for local checks,
however, no credentials were provided in the scan policy.","Nessus was not able to successfully authenticate directly to the
remote target on an available authentication protocol. Nessus was
able to connect to the remote port and identify that the service
running on the port supports an authentication protocol, but Nessus
failed to authenticate to the remote service using the provided
credentials. There may have been a protocol failure that prevented
authentication from being attempted or all of the provided credentials
for the authentication protocol may be invalid. See plugin output for
error details.

Please note the following :

- This plugin reports per protocol, so it is possible for
  valid credentials to be provided for one protocol and not
  another. For example, authentication may succeed via SSH
  but fail via SMB, while no credentials were provided for
  an available SNMP service.

- Providing valid credentials for all available
  authentication protocols may improve scan coverage, but
  the value of successful authentication for a given
  protocol may vary from target to target depending upon
  what data (if any) is gathered from the target via that
  protocol. For example, successful authentication via SSH
  is more valuable for Linux targets than for Windows
  targets, and likewise successful authentication via SMB
  is more valuable for Windows targets than for Linux
  targets.","n/a","None","2018/06/27","2021/11/19","","",""
"117886","","None","10.0.2.6","tcp","0","OS Security Patch Assessment Not Available","OS Security Patch Assessment is not available.","OS Security Patch Assessment is not available on the remote host.
This does not necessarily indicate a problem with the scan.
Credentials may not have been provided, OS security patch assessment
may not be supported for the target, the target may not have been
identified, or another issue may have occurred that prevented OS
security patch assessment from being available. See plugin output for
details.

This plugin reports non-failure information impacting the availability
of OS Security Patch Assessment. Failure information is reported by
plugin 21745 : 'OS Security Patch Assessment failed'.  If a target
host is not supported for OS Security Patch Assessment, plugin
110695 : 'OS Security Patch Assessment Checks Not Supported' will
report concurrently with this plugin.","n/a","None","2018/10/02","2021/07/12","","",""
"118224","","None","10.0.2.6","tcp","5432","PostgreSQL STARTTLS Support","The remote service supports encrypting traffic.","The remote PostgreSQL server supports the use of encryption
initiated during pre-login to switch from a cleartext to an
encrypted communications channel.","n/a","None","2018/10/19","2022/04/11","","",""
"134862","CVE-2020-1745","Critical","10.0.2.6","tcp","8009","Apache Tomcat AJP Connector Request Injection (Ghostcat)","There is a vulnerable AJP connector listening on the remote host.","A file read/inclusion vulnerability was found in AJP connector. A
 remote, unauthenticated attacker could exploit this vulnerability to 
read web application files from a vulnerable server. In instances where
the vulnerable server allows file uploads, an attacker could upload 
malicious JavaServer Pages (JSP) code within a variety of file types 
and gain remote code execution (RCE).","Update the AJP configuration to require authorization and/or upgrade the Tomcat server to 7.0.100, 8.5.51, 9.0.31 or later.","High","2020/03/24","2022/07/19","","",""
"134862","CVE-2020-1938","Critical","10.0.2.6","tcp","8009","Apache Tomcat AJP Connector Request Injection (Ghostcat)","There is a vulnerable AJP connector listening on the remote host.","A file read/inclusion vulnerability was found in AJP connector. A
 remote, unauthenticated attacker could exploit this vulnerability to 
read web application files from a vulnerable server. In instances where
the vulnerable server allows file uploads, an attacker could upload 
malicious JavaServer Pages (JSP) code within a variety of file types 
and gain remote code execution (RCE).","Update the AJP configuration to require authorization and/or upgrade the Tomcat server to 7.0.100, 8.5.51, 9.0.31 or later.","High","2020/03/24","2022/07/19","","",""
"135860","","None","10.0.2.6","tcp","445","WMI Not Available","WMI queries could not be made against the remote host.","WMI (Windows Management Instrumentation) is not available on the
remote host over DCOM. WMI queries are used to gather information
about the remote host, such as its current state, network interface
configuration, etc.

Without this information Nessus may not be able to identify installed
software or security vunerabilities that exist on the remote host.","n/a","None","2020/04/21","2022/07/19","","",""
"136769","CVE-2020-8616","High","10.0.2.6","udp","53","ISC BIND Service Downgrade / Reflected DoS","The remote name server is affected by Service Downgrade / Reflected DoS vulnerabilities.","According to its self-reported version, the instance of ISC BIND 9 running on the remote name server is affected by
performance downgrade and Reflected DoS vulnerabilities. This is due to BIND DNS not sufficiently limiting the number
fetches which may be performed while processing a referral response.

An unauthenticated, remote attacker can exploit this to cause degrade the service of the recursive server or to use
the affected server as a reflector in a reflection attack.","Upgrade to the ISC BIND version referenced in the vendor advisory.","Medium","2020/05/22","2020/06/26","","",""
"136808","CVE-2020-8617","High","10.0.2.6","udp","53","ISC BIND Denial of Service","The remote name server is affected by an assertion failure vulnerability.","A denial of service (DoS) vulnerability exists in ISC BIND versions 9.11.18 / 9.11.18-S1 / 9.12.4-P2 / 9.13 / 9.14.11
/ 9.15 / 9.16.2 / 9.17 / 9.17.1 and earlier. An unauthenticated, remote attacker can exploit this issue, via a
specially-crafted message, to cause the service to stop responding.

Note that Nessus has not tested for this issue but has instead relied only on the application's self-reported version
number.","Upgrade to the patched release most closely related to your current version of BIND.","Medium","2020/05/22","2022/05/13","","",""
"139915","CVE-2020-8622","Medium","10.0.2.6","udp","53","ISC BIND 9.x < 9.11.22, 9.12.x < 9.16.6, 9.17.x < 9.17.4 DoS","The remote name server is affected by a denial of service vulnerability.","According to its self-reported version number, the installation of ISC BIND running on the remote name server is 
version 9.x prior to 9.11.22, 9.12.x prior to 9.16.6 or 9.17.x prior to 9.17.4. It is, therefore, affected by a denial
of service (DoS) vulnerability due to an assertion failure when attempting to verify a truncated response to a 
TSIG-signed request. An authenticated, remote attacker can exploit this issue by sending a truncated response to a
TSIG-signed request to trigger an assertion failure, causing the server to exit.

Note that Nessus has not tested for this issue but has instead relied only on the application's self-reported version   
number.","Upgrade to BIND 9.11.22, 9.16.6, 9.17.4 or later.","Medium","2020/08/27","2021/06/03","","",""
"149334","","None","10.0.2.6","tcp","22","SSH Password Authentication Accepted","The SSH server on the remote host accepts password authentication.","The SSH server on the remote host accepts password authentication.","n/a","None","2021/05/07","2021/05/07","","",""
"153588","","None","10.0.2.6","tcp","22","SSH SHA-1 HMAC Algorithms Enabled","The remote SSH server is configured to enable SHA-1 HMAC algorithms.","The remote SSH server is configured to enable SHA-1 HMAC algorithms.

Although NIST has formally deprecated use of SHA-1 for digital signatures, SHA-1 is still considered secure for HMAC as
the security of HMAC does not rely on the underlying hash function being resistant to collisions.

Note that this plugin only checks for the options of the remote SSH server.","n/a","None","2021/09/23","2022/04/05","","",""
"153953","","Low","10.0.2.6","tcp","22","SSH Weak Key Exchange Algorithms Enabled","The remote SSH server is configured to allow weak key exchange algorithms.","The remote SSH server is configured to allow key exchange algorithms which are considered weak.

This is based on the IETF draft document Key Exchange (KEX) Method Updates and Recommendations for Secure Shell (SSH)
draft-ietf-curdle-ssh-kex-sha2-20. Section 4 lists guidance on key exchange algorithms that SHOULD NOT and MUST NOT be
enabled. This includes:

  diffie-hellman-group-exchange-sha1

  diffie-hellman-group1-sha1

  gss-gex-sha1-*

  gss-group1-sha1-*

  gss-group14-sha1-*

  rsa1024-sha1

Note that this plugin only checks for the options of the SSH server, and it does not check for vulnerable software
versions.","Contact the vendor or consult product documentation to disable the weak algorithms.","Low","2021/10/13","2021/10/13","","",""
"156899","","None","10.0.2.6","tcp","5432","SSL/TLS Recommended Cipher Suites","The remote host advertises discouraged SSL/TLS ciphers.","The remote host has open SSL/TLS ports which advertise discouraged cipher suites. It is recommended to only enable
support for the following cipher suites:

TLSv1.3:
  - 0x13,0x01 TLS_AES_128_GCM_SHA256
  - 0x13,0x02 TLS_AES_256_GCM_SHA384
  - 0x13,0x03 TLS_CHACHA20_POLY1305_SHA256

TLSv1.2:
  - 0xC0,0x2B ECDHE-ECDSA-AES128-GCM-SHA256
  - 0xC0,0x2F ECDHE-RSA-AES128-GCM-SHA256
  - 0xC0,0x2C ECDHE-ECDSA-AES256-GCM-SHA384
  - 0xC0,0x30 ECDHE-RSA-AES256-GCM-SHA384
  - 0xCC,0xA9 ECDHE-ECDSA-CHACHA20-POLY1305
  - 0xCC,0xA8 ECDHE-RSA-CHACHA20-POLY1305
  - 0x00,0x9E DHE-RSA-AES128-GCM-SHA256
  - 0x00,0x9F DHE-RSA-AES256-GCM-SHA384

This is the recommended configuration for the vast majority of services, as it is highly secure and compatible with
nearly every client released in the last five (or more) years.","Only enable support for recommened cipher suites.","None","2022/01/20","2022/04/06","","",""
